City,Lat,Lng,Max Temp,Humidity,Cloudiness,Wind Speed,Country,Date
esperance,-33.8667,121.9,77.0,36,98,14.97,AU,1615946261
yekimovichi,54.1129,33.2965,31.35,96,100,5.46,RU,1615946261
banyo,6.75,11.8167,69.17,73,100,4.0,CM,1615946262
areosa,41.7178,-8.8571,60.8,44,0,13.8,PT,1615946262
norman wells,65.282,-126.8329,-2.2,71,75,3.44,CA,1615946262
kruisfontein,-34.0033,24.7314,57.99,94,0,1.01,ZA,1615946263
ekuvukeni,-28.4675,30.1551,63.43,97,86,0.58,ZA,1615946263
hobart,-42.8794,147.3294,72.0,45,20,9.22,AU,1615946000
mataura,-46.1927,168.8643,59.0,58,66,15.99,NZ,1615946264
victoria,22.2855,114.1577,77.0,82,3,7.99,HK,1615946151
kapaa,22.0752,-159.319,73.99,78,90,21.85,US,1615946264
alakurtti,66.9672,30.3491,-0.99,86,0,1.99,RU,1615946264
aklavik,68.2191,-135.0107,-0.4,60,35,3.44,CA,1615946265
kurdzhinovo,43.9884,40.9552,34.66,79,0,7.92,RU,1615946265
hamilton,39.1834,-84.5333,48.99,93,1,5.88,US,1615946192
petropavlovsk-kamchatskiy,53.0452,158.6483,37.4,93,75,11.18,RU,1615946266
atuona,-9.8,-139.0333,80.49,67,100,7.56,PF,1615946266
puerto ayora,-0.7393,-90.3518,78.01,91,43,1.99,EC,1615946267
nikolskoye,59.7035,30.7861,30.2,93,90,8.95,RU,1615946267
touros,-5.1989,-35.4608,80.6,74,75,8.05,BR,1615946268
sorong,-0.8833,131.25,84.58,64,50,3.36,ID,1615945994
oranjestad,12.524,-70.027,78.8,83,40,20.71,AW,1615946268
forestville,38.8451,-76.875,41.0,93,90,3.44,US,1615946268
avarua,-21.2078,-159.775,84.2,70,20,10.36,CK,1615946269
asau,46.4333,26.4,36.0,69,100,9.44,RO,1615946269
nanortalik,60.1432,-45.2371,26.6,85,100,2.95,GL,1615946269
matamoros,25.5333,-103.25,91.4,4,20,9.22,MX,1615946071
bluff,-46.6,168.3333,59.0,58,80,15.99,NZ,1615946270
yellowknife,62.456,-114.3525,5.0,66,40,6.91,CA,1615946202
jamestown,42.097,-79.2353,35.6,69,1,4.27,US,1615946271
tasiilaq,65.6145,-37.6368,30.2,93,90,48.34,GL,1615946271
provideniya,64.3833,-173.3,10.4,72,0,4.47,RU,1615946271
cape town,-33.9258,18.4232,62.6,82,0,12.66,ZA,1615946042
punta arenas,-53.15,-70.9167,46.4,76,40,26.46,CL,1615946270
port lincoln,-34.7333,135.8667,69.06,70,3,9.19,AU,1615946272
port elizabeth,-33.918,25.5701,62.6,88,20,3.44,ZA,1615946272
new norfolk,-42.7826,147.0587,72.0,37,39,4.0,AU,1615946273
lebu,-37.6167,-73.65,54.66,88,8,13.6,CL,1615946273
bredasdorp,-34.5322,20.0403,53.6,94,5,2.3,ZA,1615946273
pimentel,-6.8367,-79.9342,73.99,83,100,5.01,PE,1615946274
georgetown,5.4112,100.3354,82.0,69,20,4.61,MY,1615946086
itanhem,-17.1664,-40.33,70.45,95,1,5.5,BR,1615946275
ushumun,52.7833,126.5333,17.11,62,28,6.35,RU,1615946275
severo-kurilsk,50.6789,156.125,34.84,98,100,10.78,RU,1615946276
puerto madryn,-42.7692,-65.0385,53.94,64,14,18.52,AR,1615946271
tarki,42.9442,47.4953,39.2,93,75,4.47,RU,1615946277
barrow,71.2906,-156.7887,-2.2,78,90,20.71,US,1615946277
airai,-8.9266,125.4092,73.33,64,42,1.7,TL,1615946278
bubaque,11.2833,-15.8333,77.72,63,0,15.88,GW,1615946278
port alfred,-33.5906,26.891,66.0,91,88,7.87,ZA,1615946278
ribeira grande,38.5167,-28.7,61.36,88,100,24.96,PT,1615946279
basco,20.4487,121.9702,78.85,86,14,19.33,PH,1615946279
kodiak,57.79,-152.4072,35.6,41,1,10.36,US,1615946279
bacalar,18.6667,-88.3833,80.01,83,0,5.01,MX,1615946280
dikson,73.5069,80.5464,-28.3,99,62,5.88,RU,1615946280
padang,-0.9492,100.3543,82.4,78,20,3.44,ID,1615946280
taoudenni,22.6783,-3.9836,70.72,16,0,14.72,ML,1615946281
mecca,21.4267,39.8261,73.22,53,87,2.17,SA,1615946281
rikitea,-23.1203,-134.9692,80.98,70,100,8.14,PF,1615946282
hermanus,-34.4187,19.2345,60.01,92,4,3.0,ZA,1615946282
khatanga,71.9667,102.5,-35.43,93,98,13.15,RU,1615946282
raahe,64.6833,24.4833,19.4,93,0,6.91,FI,1615946283
safford,32.834,-109.7076,48.2,40,1,19.57,US,1615946283
chuy,-33.6971,-53.4616,72.03,95,98,8.23,UY,1615946284
kollam,8.8833,76.6,80.6,83,20,3.44,IN,1615946284
port hedland,-20.3167,118.5667,91.4,46,72,13.8,AU,1615946285
athabasca,54.7169,-113.2854,42.8,45,0,6.91,CA,1615946285
hithadhoo,-0.6,73.0833,82.4,70,39,7.99,MV,1615946285
ushuaia,-54.8,-68.3,46.4,71,40,21.85,AR,1615946134
digras,20.1167,77.7167,79.86,25,0,2.44,IN,1615946286
saraland,30.8207,-88.0706,73.99,90,6,6.44,US,1615946286
san quintin,30.4833,-115.95,54.59,70,0,16.08,MX,1615946287
qaanaaq,77.484,-69.3632,-2.63,90,96,2.98,GL,1615946287
saint george,37.1041,-113.5841,46.99,66,90,8.05,US,1615946288
katsuura,35.1333,140.3,62.01,36,20,11.5,JP,1615946288
akyab,20.15,92.9,74.7,60,0,3.47,MM,1615946289
vung tau,10.346,107.0843,79.39,74,97,12.82,VN,1615946290
pierre,44.3683,-100.351,37.99,80,90,3.53,US,1615946290
busselton,-33.65,115.3333,75.99,63,0,1.01,AU,1615946290
klimovo,52.3805,32.1923,32.49,90,100,7.81,RU,1615946291
mirnyy,62.5353,113.9611,16.92,89,100,11.59,RU,1615946292
key largo,25.0865,-80.4473,75.0,83,0,17.38,US,1615946292
horki,54.2861,30.9842,31.55,98,100,6.4,BY,1615946293
port blair,11.6667,92.75,78.8,89,20,2.3,IN,1615946293
tiksi,71.6872,128.8694,-12.33,97,100,3.74,RU,1615946294
saint-philippe,-21.3585,55.7679,73.99,64,0,5.75,RE,1615946294
saint-pierre,-21.3393,55.4781,73.99,64,0,5.75,RE,1615946295
santa maria del oro,25.9333,-105.3667,59.88,10,0,18.54,MX,1615946295
castro,-24.7911,-50.0119,63.64,93,17,3.58,BR,1615946295
east london,-33.0153,27.9116,69.37,81,87,7.18,ZA,1615946296
luderitz,-26.6481,15.1594,61.05,87,0,8.86,NA,1615946296
goderich,43.7501,-81.7165,33.8,80,98,4.61,CA,1615946103
oistins,13.0667,-59.5333,77.0,69,40,18.41,BB,1615946297
ballina,-28.8667,153.5667,71.6,83,90,5.75,AU,1615946297
mar del plata,-38.0023,-57.5575,64.99,94,90,9.22,AR,1615946204
vaini,-21.2,-175.2,84.2,74,40,2.3,TO,1615946298
pacific grove,36.6177,-121.9166,52.0,73,8,1.01,US,1615946160
isangel,-19.55,169.2667,87.8,66,20,11.5,VU,1615946299
road town,18.4167,-64.6167,77.0,73,40,8.05,VG,1615946299
albany,42.6001,-73.9662,33.01,31,95,3.31,US,1615946300
gherghesti,46.5,27.5167,36.0,93,90,26.46,RO,1615946300
biak,-0.9131,122.8766,83.86,70,20,1.77,ID,1615946300
kieta,-6.2167,155.6333,85.96,63,3,4.56,PG,1615946301
kaeo,-35.1,173.7833,75.99,52,0,5.01,NZ,1615946302
ambon,-3.6954,128.1814,89.6,62,20,5.75,ID,1615946302
kaitangata,-46.2817,169.8464,57.99,54,91,8.01,NZ,1615946303
zabaykalsk,49.6333,117.3167,19.15,80,1,10.89,RU,1615946303
hilo,19.7297,-155.09,78.8,65,20,10.36,US,1615946304
narsaq,60.9167,-46.05,33.8,75,75,2.3,GL,1615946304
smithers,54.7804,-127.1743,41.0,60,90,5.75,CA,1615946304
lagoa,39.05,-27.9833,59.59,87,100,26.28,PT,1615946305
hofn,64.2539,-15.2082,42.57,86,100,7.76,IS,1615946305
jalu,29.0331,21.5482,51.82,71,0,6.51,LY,1615946305
marshall,34.3834,-86.3333,55.0,100,90,3.44,US,1615946306
ancud,-41.8697,-73.8203,48.99,76,0,10.36,CL,1615946306
mount gambier,-37.8333,140.7667,77.0,44,0,8.05,AU,1615946307
preobrazheniye,42.9019,133.9064,36.27,46,0,8.01,RU,1615946307
pampilhosa,40.3377,-8.4268,57.99,68,0,10.0,PT,1615946307
san patricio,28.017,-97.5169,71.6,94,90,17.27,US,1615946308
vardo,70.3705,31.1107,20.32,77,91,24.05,NO,1615946308
cidreira,-30.1811,-50.2056,77.02,88,100,20.07,BR,1615946309
cherskiy,68.75,161.3,-16.89,90,99,5.23,RU,1615946310
vikulovo,56.8167,70.6107,17.13,93,100,9.51,RU,1615946310
san vicente,-26.6167,-54.1333,67.91,95,0,2.82,AR,1615946310
iqaluit,63.7506,-68.5145,-14.01,70,40,1.25,CA,1615946311
longyearbyen,78.2186,15.6401,-7.6,59,20,18.41,SJ,1615946219
araouane,18.9048,-3.5265,72.54,14,0,9.62,ML,1615946311
cacu,-18.5567,-51.1308,70.43,93,100,5.44,BR,1615946312
makakilo city,21.3469,-158.0858,78.8,65,90,9.22,US,1615946301
marogong,7.6667,124.15,83.64,67,39,2.64,PH,1615946312
saskylakh,71.9167,114.0833,-39.71,92,58,8.37,RU,1615946313
andros town,24.7,-77.7667,73.4,83,0,5.75,BS,1615946314
sao filipe,14.8961,-24.4956,70.09,78,2,3.06,CV,1615946314
geraldton,-28.7667,114.6,84.2,58,0,9.22,AU,1615946314
iquique,-20.2208,-70.1431,73.4,60,75,12.66,CL,1615946052
tuktoyaktuk,69.4541,-133.0374,-14.8,76,20,2.3,CA,1615946315
timmins,48.4669,-81.3331,30.2,40,1,3.44,CA,1615946315
catamarca,-28.4696,-65.7852,71.01,99,56,4.05,AR,1615946316
mahebourg,-20.4081,57.7,78.8,78,75,11.5,MU,1615946316
fortuna,40.5982,-124.1573,48.0,61,1,9.22,US,1615946316
marica,-22.9194,-42.8186,75.2,83,0,8.05,BR,1615946317
butaritari,3.0707,172.7902,81.07,75,15,10.87,KI,1615946317
san jose,37.3394,-121.895,55.99,50,40,9.22,US,1615946231
kloulklubed,7.0419,134.2556,86.0,74,75,10.36,PW,1615946317
empalme,27.9667,-110.8167,66.99,37,0,7.0,MX,1615946318
kupino,54.3663,77.2981,0.21,92,22,9.44,RU,1615946319
pevek,69.7008,170.3133,-7.26,93,100,13.91,RU,1615946319
port keats,-14.25,129.55,85.93,67,53,2.73,AU,1615946319
berlevag,70.8578,29.0864,18.95,81,100,24.45,NO,1615946320
carnarvon,-24.8667,113.6333,82.4,69,0,14.97,AU,1615946320
hami,42.8,93.45,41.94,39,0,1.16,CN,1615946321
portland,45.5234,-122.6762,53.6,40,20,6.91,US,1615946249
sawtell,-30.3833,153.1,73.4,68,40,17.27,AU,1615946321
upernavik,72.7868,-56.1549,-2.2,96,97,2.01,GL,1615946322
tiarei,-17.5333,-149.3333,86.0,74,40,4.61,PF,1615946322
pisco,-13.7,-76.2167,71.6,73,90,17.27,PE,1615946233
constantine,36.365,6.6147,44.6,70,75,9.22,DZ,1615946323
cururupu,-1.8283,-44.8683,74.93,93,99,2.1,BR,1615946323
karratha,-20.7377,116.8463,91.65,38,90,12.33,AU,1615946324
caravelas,-17.7125,-39.2481,77.29,83,22,7.9,BR,1615946324
bontang,0.1333,117.5,84.67,71,10,2.35,ID,1615946324
alofi,-19.0595,-169.9187,86.0,70,40,9.22,NU,1615946325
codrington,-38.2667,141.9667,78.03,44,0,5.28,AU,1615946325
sao joao da barra,-21.6403,-41.0511,77.2,85,7,15.66,BR,1615946326
baiyin,36.5583,104.2081,51.01,24,100,6.71,CN,1615946326
garowe,8.4054,48.4845,67.55,91,29,6.91,SO,1615946326
camacupa,-12.0167,17.4833,61.21,98,100,3.24,AO,1615946289
progreso,21.2833,-89.6667,87.8,42,1,10.36,MX,1615946287
souillac,-20.5167,57.5167,78.8,78,75,11.5,MU,1615946327
okhotsk,59.3833,143.3,7.68,65,23,21.63,RU,1615946327
lima,-12.0432,-77.0282,79.0,78,0,9.22,PE,1615946327
solano,38.2333,-121.9511,57.2,47,1,11.5,US,1615946328
vestmannaeyjar,63.4427,-20.2734,45.7,96,100,19.73,IS,1615946328
moose factory,51.2585,-80.6094,35.6,60,90,5.75,CA,1615946329
waseca,44.0777,-93.5074,32.0,93,90,9.22,US,1615946329
chokurdakh,70.6333,147.9167,-13.27,85,31,7.43,RU,1615946329
yerbogachen,61.2767,108.0108,16.81,92,100,11.03,RU,1615946330
ahipara,-35.1667,173.1667,68.43,58,0,7.96,NZ,1615946330
san cristobal,7.7669,-72.225,73.4,100,75,2.3,VE,1615946331
aguada de pasajeros,22.385,-80.8508,75.2,78,0,3.44,CU,1615946331
gweta,-20.1833,25.2333,73.78,61,76,6.26,BW,1615946331
yurginskoye,56.8189,67.3921,17.13,92,100,10.63,RU,1615946332
mandalgovi,45.7625,106.2708,26.65,48,100,12.08,MN,1615946332
urumqi,43.801,87.6005,24.8,93,90,6.71,CN,1615946332
cabedelo,-6.9811,-34.8339,77.0,83,20,4.61,BR,1615946333
vostok,46.4856,135.8833,22.48,90,100,7.58,RU,1615946333
lompoc,34.6391,-120.4579,53.6,62,1,11.5,US,1615946323
talnakh,69.4865,88.3972,-25.94,86,100,6.67,RU,1615946334
abha,18.2164,42.5053,62.6,41,0,1.41,SA,1615946334
burns lake,54.2331,-125.7533,35.6,80,100,4.61,CA,1615946335
antalaha,-14.9003,50.2788,74.68,90,100,4.83,MG,1615946335
labuhan,-6.8844,112.2051,83.73,73,51,2.48,ID,1615946335
buchanan,5.8808,-10.0467,78.13,88,100,5.23,LR,1615946336
gobabis,-22.45,18.9667,65.89,73,100,5.7,NA,1615946336
tocopilla,-22.092,-70.1979,67.48,79,20,3.67,CL,1615946336
valleyview,55.0667,-117.2859,41.0,42,0,10.36,CA,1615946037
kutum,14.2,24.6667,66.9,13,0,5.26,SD,1615946337
namanga,-2.5433,36.7905,63.86,80,28,4.47,KE,1615946337
aberdeen,57.1437,-2.0981,42.01,75,98,4.61,GB,1615946048
goundam,16.4145,-3.6708,74.57,16,0,8.81,ML,1615946338
ponta do sol,32.6667,-17.1,60.8,67,20,10.36,PT,1615946338
kathmandu,27.7167,85.3167,55.4,88,20,2.3,NP,1615946295
faanui,-16.4833,-151.75,82.69,73,100,11.72,PF,1615946338
torbay,47.6666,-52.7314,26.01,86,90,27.63,CA,1615946339
darhan,49.4867,105.9228,21.34,70,100,6.51,MN,1615946339
kerema,-7.9631,145.7785,80.06,87,91,13.35,PG,1615946339
la ronge,55.1001,-105.2842,39.2,35,0,6.91,CA,1615946340
manzanillo,20.3433,-77.1167,72.32,72,1,7.02,CU,1615946341
iyo,33.7514,132.7014,57.2,94,40,5.75,JP,1615946341
honiara,-9.4333,159.95,86.34,65,11,6.29,SB,1615946342
barda,40.3744,47.1267,42.58,85,27,4.99,AZ,1615946342
salvador,13.8333,-88.9167,75.2,78,0,2.17,SV,1615946137
kahului,20.8947,-156.47,77.0,78,40,17.27,US,1615946343
newport,51.5877,-2.9984,46.0,77,16,3.69,GB,1615946343
miram shah,33.0086,70.0697,60.13,54,98,2.86,PK,1615946344
bolton,53.5833,-2.4333,44.01,83,26,3.0,GB,1615946337
usinsk,65.9939,57.5281,18.05,97,95,2.98,RU,1615946344
carutapera,-1.195,-46.02,76.37,91,100,5.48,BR,1615946345
launceston,-41.45,147.1667,69.01,45,40,6.91,AU,1615946345
houma,29.5958,-90.7195,75.0,94,90,9.22,US,1615946233
mala,-12.6581,-76.6308,73.08,79,100,4.7,PE,1615946346
panguna,-6.3164,155.4848,84.65,49,7,2.13,PG,1615946346
belaya gora,68.5333,146.4167,-3.66,84,0,10.76,RU,1615946346
gabu,12.2833,-14.2167,68.47,51,0,4.88,GW,1615946347
najran,17.4924,44.1277,62.6,22,0,6.91,SA,1615946347
coquimbo,-29.9533,-71.3436,60.8,82,0,3.44,CL,1615946217
strezhevoy,60.7333,77.5889,21.2,79,75,11.18,RU,1615946348
canico,32.6333,-16.85,60.8,67,20,10.36,PT,1615946348
dingle,10.9995,122.6711,85.26,71,4,5.39,PH,1615946349
micheweni,-4.9667,39.8333,79.47,77,100,4.92,TZ,1615946349
tadine,-21.55,167.8833,81.12,71,82,1.72,NC,1615946350
kyaiklat,16.4333,95.7333,77.0,88,0,3.44,MM,1615946350
new richmond,45.123,-92.5366,32.0,80,90,3.33,US,1615946351
rawson,-43.3002,-65.1023,53.04,63,18,18.37,AR,1615946351
aksarka,66.5606,67.7975,-1.91,97,100,9.69,RU,1615946352
havre-saint-pierre,50.2334,-63.5986,6.8,36,1,6.91,CA,1615946352
setermoen,68.861,18.3486,21.2,93,75,3.44,NO,1615946353
tucupita,9.0622,-62.051,72.3,94,3,3.85,VE,1615946353
pestravka,52.405,49.9583,12.33,87,100,9.84,RU,1615946353
saldanha,-33.0117,17.9442,60.8,77,0,5.75,ZA,1615946353
mumford,5.2618,-0.759,81.12,82,92,14.25,GH,1615946354
kavieng,-2.5744,150.7967,84.58,68,84,6.24,PG,1615946354
ilulissat,69.2167,-51.1,10.4,79,75,5.75,GL,1615946355
fort nelson,58.8053,-122.7002,44.6,31,75,5.75,CA,1615946355
ust-tarka,55.5672,75.705,6.22,97,92,8.81,RU,1615946355
sisimiut,66.9395,-53.6735,3.72,83,90,3.15,GL,1615946356
marsh harbour,26.5412,-77.0636,73.0,83,35,15.82,BS,1615946356
shimoda,34.6667,138.95,59.0,55,0,14.97,JP,1615946356
salalah,17.0151,54.0924,73.4,68,0,4.61,OM,1615946357
southbridge,42.0751,-72.0334,32.0,23,99,1.99,US,1615946357
kirkwall,58.9848,-2.9587,46.4,76,20,21.85,GB,1615946357
soyo,-6.1349,12.3689,77.92,84,100,2.98,AO,1615946358
montrose,38.4166,-108.2673,37.99,64,86,7.0,US,1615946358
sorland,67.667,12.6934,38.34,65,100,10.13,NO,1615946359
skvyra,49.7318,29.6657,32.14,96,90,10.78,UA,1615946359
moron,-34.6534,-58.6198,70.0,100,0,3.44,AR,1615946360
nabire,-3.3667,135.4833,87.6,60,8,4.41,ID,1615946360
ulaanbaatar,47.9077,106.8832,21.2,68,75,4.45,MN,1615946360
port moresby,-9.4431,147.1797,69.8,100,40,6.91,PG,1615946181
arraial do cabo,-22.9661,-42.0278,77.29,82,0,21.32,BR,1615946361
mount isa,-20.7333,139.5,87.8,33,17,9.22,AU,1615946361
veracruz,19.3333,-96.6667,80.01,89,1,5.75,MX,1615946358
saint austell,50.3383,-4.7658,44.6,81,63,5.75,GB,1615946362
yazman,29.1212,71.7446,71.46,30,0,5.59,PK,1615946362
mehamn,71.0357,27.8492,17.76,84,100,21.23,NO,1615946362
fandriana,-20.2333,47.3833,60.35,98,96,2.1,MG,1615946363
hurghada,27.2574,33.8129,66.2,37,0,5.75,EG,1615946363
oranjemund,-28.55,16.4333,62.19,92,44,4.68,NA,1615946364
ulcinj,41.9294,19.2244,48.2,52,20,8.05,ME,1615946364
mao,39.8885,4.2658,48.2,93,0,5.75,ES,1615946365
saint-ambroise,48.5501,-71.3324,25.0,68,90,8.05,CA,1615946365
portree,57.4129,-6.1942,43.0,88,4,8.99,GB,1615946365
dawei,14.0833,98.2,85.71,59,100,2.37,MM,1615946366
papagaios,-19.4492,-44.7478,65.93,89,0,4.94,BR,1615946366
novopavlovka,51.2172,109.2091,16.12,82,88,4.43,RU,1615946366
vila velha,-20.3297,-40.2925,77.0,83,40,4.61,BR,1615946158
baiquan,47.5833,126.0833,29.25,38,0,9.84,CN,1615946367
coihaique,-45.5752,-72.0662,48.49,79,74,3.62,CL,1615946367
nome,64.5011,-165.4064,15.01,85,90,4.61,US,1615946236
waitara,-38.925,174.25,70.0,45,0,8.01,NZ,1615946368
aldama,22.9167,-98.0667,78.01,92,30,5.99,MX,1615946368
broome,42.2506,-75.833,30.0,80,90,6.91,US,1615946369
traunstein,47.8833,12.65,32.0,100,75,2.3,DE,1615946369
itarema,-2.9248,-39.9167,77.67,86,25,7.47,BR,1615946370
aksay,47.26,39.87,37.99,93,75,15.66,RU,1615946172
henderson,36.0397,-114.9819,60.8,30,1,11.5,US,1615946336
aripuana,-9.1667,-60.6333,75.06,93,100,2.19,BR,1615946371
hervey bay,-25.2986,152.8535,72.0,94,90,9.22,AU,1615946371
waipawa,-41.4122,175.5153,68.0,49,0,12.66,NZ,1615946371
naifaru,5.4444,73.3657,83.01,67,60,7.14,MV,1615946372
rivoli,45.0715,7.5262,44.01,52,0,8.05,IT,1615946372
voh,-20.9667,164.7,84.76,64,54,6.49,NC,1615946372
konya,38.1667,32.5,39.2,81,75,10.36,TR,1615946373
clyde river,70.4692,-68.5914,-18.4,69,1,18.41,CA,1615946373
riyadh,24.6877,46.7219,77.0,23,0,5.75,SA,1615946373
negombo,7.2083,79.8358,77.0,88,16,3.44,LK,1615946374
dimbokro,6.6451,-4.7048,76.98,83,61,5.77,CI,1615946374
uyovu,-3.2833,31.5258,62.98,93,100,2.84,TZ,1615946375
mishan,45.55,131.8833,28.94,60,8,13.76,CN,1615946375
ust-tsilma,65.441,52.1498,21.0,97,97,4.32,RU,1615946376
salinopolis,-0.6136,-47.3561,77.9,87,100,8.86,BR,1615946377
canon city,38.441,-105.2424,37.4,81,90,14.97,US,1615946377
rudnaya pristan,44.3614,135.8116,36.37,58,21,13.13,RU,1615946377
saint-joseph,-21.3667,55.6167,73.99,64,0,5.75,RE,1615946378
colon,9.3592,-79.9014,81.0,69,32,8.99,PA,1615946378
olafsvik,64.8945,-23.7142,43.0,96,100,21.74,IS,1615946379
severnyy-kospashskiy,59.0925,57.8008,23.0,84,100,3.0,RU,1615946379
camabatela,-8.1881,15.375,62.37,97,100,3.24,AO,1615946379
alyangula,-13.8483,136.4192,86.27,63,79,2.91,AU,1615946380
lasa,46.6166,10.7002,30.99,86,0,2.3,IT,1615946381
hasaki,35.7333,140.8333,62.01,36,20,4.61,JP,1615946381
kenai,60.5544,-151.2583,28.4,46,1,6.91,US,1615946263
san ramon,37.7799,-121.978,53.6,54,1,12.66,US,1615946178
mahon,39.8885,4.2658,48.2,93,0,5.75,ES,1615946365
rocha,-34.4833,-54.3333,70.16,96,100,11.86,UY,1615946382
bathsheba,13.2167,-59.5167,77.0,69,40,18.41,BB,1615946382
las guacamayas,18.0167,-102.2167,71.85,78,0,3.31,MX,1615946240
buala,-8.145,159.5921,84.29,69,27,3.53,SB,1615946383
dombarovskiy,50.7587,59.5386,4.46,60,0,7.18,RU,1615946383
hambantota,6.1241,81.1185,71.6,100,55,11.16,LK,1615946384
kamaishi,39.2667,141.8833,42.8,56,75,12.66,JP,1615946384
mitoc,48.1,27.0333,35.01,100,75,26.46,RO,1615946384
dabrowa tarnowska,50.1746,20.9863,37.99,92,47,4.0,PL,1615946385
namibe,-15.1961,12.1522,75.78,81,100,4.29,AO,1615946385
yumen,40.2833,97.2,36.81,16,0,9.26,CN,1615946386
mahina,-17.5065,-149.489,86.0,74,40,4.61,PF,1615946302
chase,50.8165,-119.6857,46.4,53,19,2.3,CA,1615946386
tucurui,-3.7661,-49.6725,74.79,95,83,2.86,BR,1615946387
zyryanka,65.75,150.85,0.55,89,67,10.4,RU,1615946387
juegang,32.3174,121.1855,53.01,73,100,1.99,CN,1615946387
paramonga,-10.6667,-77.8333,72.64,81,100,5.82,PE,1615946388
kamyshlov,56.8428,62.7111,21.22,84,100,10.94,RU,1615946388
kabalo,-6.05,26.9167,67.96,98,100,2.91,CD,1615946389
marand,38.4329,45.7749,44.6,65,40,9.22,IR,1615946389
mazagao,-0.115,-51.2894,82.4,78,40,8.05,BR,1615946390
lata,40.1629,-8.3327,52.0,68,0,10.0,PT,1615946390
nuuk,64.1835,-51.7216,17.6,73,90,12.66,GL,1615946391
josanicka banja,43.3895,20.7503,41.0,75,75,12.66,RS,1615946391
ko samui,9.5357,99.9357,82.4,74,20,12.66,TH,1615946392
kabare,-2.4683,28.8242,60.39,90,100,0.29,CD,1615946392
ponta delgada,37.7333,-25.6667,59.0,72,75,14.97,PT,1615946393
bambous virieux,-20.3428,57.7575,78.8,78,75,11.5,MU,1615946393
leningradskiy,69.3833,178.4167,-0.99,92,100,21.88,RU,1615946393
great yarmouth,52.6083,1.7305,44.6,81,20,16.11,GB,1615946394
omsukchan,62.5333,155.8,2.75,93,72,8.41,RU,1615946394
valdivia,-39.8142,-73.2459,57.2,67,0,5.75,CL,1615946215
aleksandrovka,46.8383,32.7612,44.98,86,100,9.44,UA,1615946395
yar-sale,66.8333,70.8333,14.58,96,100,6.89,RU,1615946395
teya,60.3778,92.6267,13.93,92,99,6.98,RU,1615946396
pitimbu,-7.4706,-34.8086,77.0,83,20,4.61,BR,1615946396
tarko-sale,64.9225,77.785,23.05,95,100,16.51,RU,1615946396
arkadak,51.9326,43.4978,24.87,89,100,13.6,RU,1615946397
faya,18.3851,42.4509,62.6,41,0,0.76,SA,1615946397
esso,55.9333,158.7,36.3,97,93,5.82,RU,1615946398
boa vista,2.8197,-60.6733,78.8,83,75,6.91,BR,1615946398
comodoro rivadavia,-45.8667,-67.5,48.2,76,0,6.44,AR,1615946374
leh,34.1667,77.5833,20.66,72,78,4.23,IN,1615946399
bintulu,3.1667,113.0333,82.4,83,20,4.61,MY,1615946399
rognan,67.0953,15.3878,28.0,73,63,1.01,NO,1615946399
chumikan,54.7183,135.315,18.79,61,100,0.87,RU,1615946400
verkhnyaya toyma,62.2349,44.9985,23.86,97,89,3.62,RU,1615946401
atar,20.5169,-13.0499,71.89,14,0,7.29,MR,1615946402
ornskoldsvik,63.2909,18.7153,28.4,80,90,5.75,SE,1615946403
mahanoro,-19.9,48.8,73.89,90,22,7.18,MG,1615946403
san juan,-31.5375,-68.5364,70.77,32,0,13.53,AR,1615946404
puerto quijarro,-17.7833,-57.7667,78.51,72,39,2.39,BO,1615946406
kiunga,-6.1219,141.2906,85.98,66,94,3.65,PG,1615946406
port macquarie,-31.4333,152.9167,72.0,72,100,3.0,AU,1615946408
biloela,-24.4167,150.5,78.71,58,100,15.21,AU,1615946409
takahashi,34.7833,133.6167,61.0,58,40,9.22,JP,1615946353
la asuncion,11.0333,-63.8628,78.8,83,13,13.8,VE,1615946411
sao felix do xingu,-6.6447,-51.995,72.9,95,63,1.5,BR,1615946175
bowen,-20.0167,148.2333,86.0,62,75,4.61,AU,1615946412
laguna,38.421,-121.4238,59.0,38,1,3.44,US,1615946413
tarakan,3.3,117.6333,82.27,75,57,2.51,ID,1615946414
cartama,36.7107,-4.633,59.0,82,75,5.75,ES,1615946415
tuatapere,-46.1333,167.6833,57.99,56,45,15.99,NZ,1615946415
flinders,-34.5833,150.8552,73.0,71,89,5.99,AU,1615946416
vila,42.0304,-8.1588,51.01,66,1,1.99,PT,1615946417
bafra,41.5678,35.9069,51.8,54,0,6.91,TR,1615946417
quzhou,28.9594,118.8686,59.7,92,100,5.17,CN,1615946418
troitskoye,52.9821,84.6757,3.54,96,90,5.14,RU,1615946419
tamandare,-8.7597,-35.1047,77.4,75,13,8.21,BR,1615946419
dubbo,-32.25,148.6167,66.2,63,90,13.8,AU,1615946419
praia da vitoria,38.7333,-27.0667,59.0,94,75,17.16,PT,1615946420
kayerkan,69.3497,87.7602,-23.01,84,100,4.34,RU,1615946420
huambo,-12.7761,15.7392,57.09,96,100,1.54,AO,1615946421
thompson,55.7435,-97.8558,28.4,37,20,8.05,CA,1615946421
cusuna,15.85,-85.2333,74.66,83,0,10.11,HN,1615946422
kot diji,27.3427,68.7083,72.1,34,98,1.41,PK,1615946422
port alberni,49.2413,-124.8028,48.0,70,75,1.05,CA,1615946422
flin flon,54.7682,-101.865,25.5,75,49,9.73,CA,1615946423
cooma,-36.2333,149.1333,55.4,67,90,12.66,AU,1615946423
aykhal,66.0,111.5,-21.05,85,0,9.62,RU,1615946424
beringovskiy,63.05,179.3167,8.38,76,0,12.82,RU,1615946424
kazachinskoye,57.6953,93.2761,11.34,90,84,7.34,RU,1615946425
doka,13.5167,35.7667,79.86,35,26,8.77,SD,1615946425
navrongo,10.8956,-1.0921,87.84,23,65,5.28,GH,1615946426
bilma,18.6853,12.9164,70.75,27,0,13.51,NE,1615946426
menongue,-14.6585,17.691,61.18,97,100,3.89,AO,1615946427
muyezerskiy,63.9333,31.65,22.35,96,100,5.88,RU,1615946427
batagay-alyta,67.8006,130.4114,-5.98,83,1,4.38,RU,1615946428
chudovo,59.1167,31.6833,30.25,85,100,0.87,RU,1615946429
sur,22.5667,59.5289,75.16,45,15,3.15,OM,1615946429
fairbanks,64.8378,-147.7164,10.99,72,75,5.75,US,1615946158
baruun-urt,46.6806,113.2792,26.15,46,100,5.7,MN,1615946430
guerrero negro,27.9769,-114.0611,55.74,69,0,19.73,MX,1615946431
kumluca,36.3703,30.2869,55.76,86,100,23.98,TR,1615946431
tura,25.5198,90.2201,77.99,24,0,3.91,IN,1615946432
ames,42.0347,-93.6199,37.99,87,90,8.05,US,1615946275
kholtoson,50.2981,103.3097,18.32,81,100,3.18,RU,1615946433
ferrol,43.4832,-8.2369,55.99,76,0,3.44,ES,1615946433
vieux-habitants,16.0589,-61.7659,75.2,78,90,6.91,GP,1615946434
mokhsogollokh,61.4681,128.9203,15.85,90,41,5.28,RU,1615946434
panjakent,39.4952,67.6093,32.0,86,100,13.8,TJ,1615946435
inuvik,68.3499,-133.7218,-0.4,60,52,3.44,CA,1615946436
gorontalo,0.5412,123.0595,90.27,59,1,1.41,ID,1615946436
maceio,-9.6658,-35.7353,73.4,88,0,1.14,BR,1615946411
adet,11.2644,37.4888,64.13,47,61,9.62,ET,1615946437
tsimlyansk,47.6461,42.1019,34.95,78,100,12.24,RU,1615946438
lavrentiya,65.5833,-171.0,6.55,92,100,4.09,RU,1615946439
muros,42.7762,-9.0603,53.01,66,0,4.0,ES,1615946439
tabou,4.423,-7.3528,77.97,90,82,8.55,CI,1615946440
coahuayana,18.7333,-103.6833,71.6,73,1,1.19,MX,1615946440
klaksvik,62.2266,-6.589,44.6,93,90,9.22,FO,1615946441
stillwater,36.1156,-97.0584,73.4,46,1,13.8,US,1615946340
cockburn town,21.4612,-71.1419,75.09,81,12,22.32,TC,1615946442
gizo,-8.103,156.8419,83.91,67,9,4.79,SB,1615946443
salina,38.8403,-97.6114,51.8,76,90,17.27,US,1615946443
mandera,3.9366,41.867,79.95,69,80,12.17,KE,1615946444
sola,-13.8833,167.55,81.91,72,98,8.43,VU,1615946444
te anau,-45.4167,167.7167,59.76,53,25,2.55,NZ,1615946445
dakar,14.6937,-17.4441,66.2,94,75,9.22,SN,1615946424
adrar,20.5022,-10.0711,69.4,15,0,7.4,MR,1615946446
lixourion,38.2019,20.4314,52.12,68,14,21.23,GR,1615946446
bezhanitsy,56.9767,29.8907,31.68,98,100,4.88,RU,1615946447
yulara,-25.2406,130.9889,78.8,15,0,12.66,AU,1615946447
tokur,53.1333,132.9,16.05,80,100,3.89,RU,1615946448
manicore,-5.8092,-61.3003,79.9,77,99,1.3,BR,1615946449
ratnagiri,16.9833,73.3,78.19,49,82,4.94,IN,1615946449
alice springs,-23.7,133.8833,75.2,23,0,12.66,AU,1615946450
bin qirdan,33.1378,11.2197,54.64,60,0,15.7,TN,1615946451
tibagi,-24.5094,-50.4136,66.49,94,0,2.53,BR,1615946451
traverse city,44.7631,-85.6206,33.8,80,90,3.44,US,1615946452
bowmore,34.9421,-79.3031,48.2,87,90,4.61,US,1615946452
pirovskoye,57.6267,92.2658,10.54,92,100,9.46,RU,1615946453
hajipur,25.6833,85.2167,66.2,63,0,2.3,IN,1615946453
waitati,-45.75,170.5667,55.0,67,100,21.99,NZ,1615946454
sitka,57.0531,-135.33,39.2,70,90,4.61,US,1615946455
piopio,-38.4667,175.0167,78.01,41,0,5.01,NZ,1615946455
westport,41.1415,-73.3579,33.01,62,96,4.03,US,1615946455
vesoul,47.5833,5.8333,37.99,100,90,3.44,FR,1615946456
vao,-22.6667,167.4833,77.25,81,59,17.31,NC,1615946457
bairiki,1.3292,172.9752,86.0,70,20,10.36,KI,1615946457
aksu,41.1231,80.2644,48.16,36,100,5.32,CN,1615946458
lodwar,3.1191,35.5973,79.83,45,100,5.44,KE,1615946459
tessalit,20.1986,1.0114,69.04,18,0,4.99,ML,1615946460
mujiayingzi,42.1167,118.7833,37.2,21,100,5.53,CN,1615946460
sylacauga,33.1732,-86.2516,66.2,94,90,1.21,US,1615946461
oksfjord,70.2396,22.3479,19.99,86,90,5.75,NO,1615946461
cap-aux-meules,47.3821,-61.8597,17.6,62,100,17.27,CA,1615946161
quelimane,-17.8786,36.8883,78.8,94,0,2.84,MZ,1615946462
clinton,42.587,-82.9199,39.0,87,75,8.05,US,1615946346
sambava,-14.2667,50.1667,75.61,88,98,5.53,MG,1615946463
hays,30.0502,-98.0336,73.0,95,45,3.0,US,1615946464
high rock,26.6208,-78.2833,75.2,69,20,5.75,BS,1615946464
mopti,14.6667,-4.0,75.85,18,0,8.86,ML,1615946465
suslovo,56.2167,88.1167,10.04,90,100,11.12,RU,1615946465
surt,31.2089,16.5887,59.23,64,2,12.82,LY,1615946465
umm lajj,25.0213,37.2685,72.93,79,0,8.28,SA,1615946466
rio gallegos,-51.6226,-69.2181,48.2,57,0,17.27,AR,1615946466
zyryanovsk,49.7386,84.2719,1.18,96,90,0.34,KZ,1615946467
malakal,9.5334,31.6605,80.53,40,67,2.82,SS,1615946468
bengkulu,-3.8004,102.2655,82.42,66,98,2.46,ID,1615946468
potsdam,52.3989,13.0657,33.01,92,38,1.01,DE,1615946345
cap malheureux,-19.9842,57.6142,78.01,82,7,3.0,MU,1615946469
spokane,47.6166,-117.3677,51.01,53,1,0.76,US,1615946469
zhezkazgan,47.8043,67.7144,6.04,65,0,5.19,KZ,1615946470
savinka,50.0785,47.0994,27.48,77,100,16.15,RU,1615946470
baie-comeau,49.2168,-68.1489,12.2,73,75,3.44,CA,1615946470
mayo,38.8876,-76.5119,42.01,93,90,6.91,US,1615946471
majene,-3.5403,118.9707,85.14,69,100,2.57,ID,1615946472
baykit,61.67,96.37,14.14,93,96,3.71,RU,1615946472
bam,29.106,58.357,60.87,25,95,0.94,IR,1615946473
lorengau,-2.0226,147.2712,84.81,70,100,6.85,PG,1615946473
mahibadhoo,3.7833,72.9667,82.87,65,99,8.05,MV,1615946474
srednekolymsk,67.45,153.6833,-5.13,78,0,5.01,RU,1615946474
camalu,30.85,-116.0667,52.0,48,0,5.99,MX,1615946474
trat,12.5,102.5,89.01,90,99,4.94,TH,1615946475
miedzyrzecz,52.4446,15.578,39.0,81,100,3.0,PL,1615946475
verkhnyaya inta,65.9811,60.3094,18.9,97,100,1.72,RU,1615946475
cotonou,6.3654,2.4183,82.4,89,40,10.36,BJ,1615946276
amahai,-3.3333,128.9167,88.02,62,0,1.3,ID,1615946476
constitucion,-35.3333,-72.4167,54.82,87,9,8.68,CL,1615946476
puerto escondido,15.85,-97.0667,80.6,74,1,6.42,MX,1615946477
khandyga,62.6667,135.6,5.5,87,99,5.61,RU,1615946477
tupiza,-21.45,-65.7167,61.65,67,76,3.6,BO,1615946478
togur,58.3631,82.8265,12.92,94,91,8.61,RU,1615946478
okha,53.5739,142.9478,19.67,76,100,17.63,RU,1615946478
bismarck,46.8083,-100.7837,35.6,87,90,4.61,US,1615946378
san policarpo,12.1791,125.5072,84.0,73,0,7.76,PH,1615946479
waingapu,-9.6567,120.2641,84.56,72,63,3.27,ID,1615946480
isla vista,34.4133,-119.861,53.6,71,1,9.22,US,1615946480
haines junction,60.7522,-137.5108,30.2,37,52,11.5,CA,1615946480
vanavara,60.34,102.2797,11.3,92,100,8.88,RU,1615946477
burnie,-41.0667,145.9167,64.0,57,75,8.01,AU,1615946481
bethel,41.3712,-73.414,30.99,60,94,2.64,US,1615946481
kampong chhnang,12.1667,104.55,85.53,61,59,10.89,KH,1615946482
mamallapuram,12.6264,80.1722,75.2,88,40,4.61,IN,1615946482
richards bay,-28.783,32.0377,71.82,94,70,7.72,ZA,1615946366
college,64.8569,-147.8028,12.99,67,75,8.05,US,1615946483
salaga,8.5508,-0.5188,84.88,55,35,10.09,GH,1615946483
grand forks,47.9417,-97.4337,32.0,93,90,3.91,US,1615946483
iralaya,15.0,-83.2333,77.4,78,13,11.45,HN,1615946484
lashio,22.9333,97.75,77.88,30,0,0.92,MM,1615946484
tezu,27.9167,96.1667,82.04,29,0,1.43,IN,1615946485
sanjwal,33.7608,72.4336,62.01,68,0,3.15,PK,1615946485
lannion,48.75,-3.4167,48.2,87,0,8.05,FR,1615946425
cuiluan,47.72,128.648,26.67,62,78,5.32,CN,1615946486
gisborne,-38.6533,178.0042,64.99,61,0,4.0,NZ,1615946486
cayenne,4.9333,-52.3333,80.01,88,40,11.07,GF,1615946317
bandar,2.05,99.75,80.74,82,62,0.43,ID,1615946487
killybegs,54.6333,-8.45,42.91,79,94,1.79,IE,1615946487
coro,11.4045,-69.6734,76.77,84,16,14.05,VE,1615946488
paamiut,61.994,-49.6678,16.54,87,97,11.81,GL,1615946488
stade,53.6,9.4833,34.0,81,20,5.1,DE,1615946488
vila franca do campo,37.7167,-25.4333,59.0,72,75,14.97,PT,1615946489
acarau,-2.8856,-40.12,78.24,85,24,8.34,BR,1615946229
kropotkin,45.4375,40.5756,42.01,79,88,4.52,RU,1615946489
aljezur,37.3191,-8.8033,54.54,83,0,7.14,PT,1615946490
half moon bay,37.4636,-122.4286,51.01,66,1,4.61,US,1615946490
xuanhua,40.6103,115.0447,45.64,38,65,0.83,CN,1615946490
luwuk,-0.9516,122.7875,85.66,73,21,2.91,ID,1615946491
pokrovsk,48.282,37.1758,36.21,94,100,12.21,UA,1615946491
san pedro,14.35,121.0167,88.0,70,20,6.91,PH,1615946491
imbituba,-28.24,-48.6703,78.8,83,40,8.05,BR,1615946492
volgodonsk,47.5136,42.1514,35.46,79,100,11.79,RU,1615946492
asfi,32.2994,-9.2372,58.44,81,39,8.61,MA,1615946493
jijiga,9.35,42.8,54.81,92,100,3.11,ET,1615946493
sangar,63.9242,127.4739,7.2,93,100,12.3,RU,1615946493
khasan,42.4308,130.6434,38.68,36,0,15.21,RU,1615946494
aktau,43.65,51.2,35.6,32,75,24.61,KZ,1615946494
cascais,38.6979,-9.4215,62.01,54,18,11.99,PT,1615946495
boshnyakovo,49.6333,142.1667,20.07,93,100,18.19,RU,1615946495
guadalupe y calvo,26.1,-106.9667,39.78,24,0,3.11,MX,1615946495
balsas,-7.5325,-46.0356,74.34,87,1,4.16,BR,1615946424
cabo san lucas,22.8909,-109.9124,71.6,49,1,8.05,MX,1615946243
furano,43.2818,142.4743,33.8,51,75,5.75,JP,1615946496
north bend,43.4065,-124.2243,48.2,57,1,11.5,US,1615946497
samfya,-11.3649,29.5565,63.63,94,100,2.71,ZM,1615946497
katangli,51.7102,143.2326,18.82,80,100,21.52,RU,1615946498
